"Data Source","World Development Indicators",

"Last Updated Date","2020-09-08",

"Country Name","Country Code","Indicator Name","Indicator Code","1960","1961","1962","1963","1964","1965","1966","1967","1968","1969","1970","1971","1972","1973","1974","1975","1976","1977","1978","1979","1980","1981","1982","1983","1984","1985","1986","1987","1988","1989","1990","1991","1992","1993","1994","1995","1996","1997","1998","1999","2000","2001","2002","2003","2004","2005","2006","2007","2008","2009","2010","2011","2012","2013","2014","2015","2016","2017","2018","2019",
"Aruba","ABW","Wholesale price index (2010 = 100)","FP.WPI.TOTL","","","","","","","","","","","","","","","","","","","","","","","","","","","","","","","","","","","","","","","","","","","","","","","","","","","","","","","","","","","","",
"Afghanistan","AFG","Wholesale price index (2010 = 100)","FP.WPI.TOTL","","","","","","","","","","","","","","","","","","","","","","","","","","","","","","","","","","","","","","","","","","","","","","","","","","","","","","","","","","","","",
"Angola","AGO","Wholesale price index (2010 = 100)","FP.WPI.TOTL","","","","","","","","","","","","","","","","","","","","","","","","","","","","","","","","","","","","","","","","","","","","","","","","","80.0999244236701","88.6760289782916","100","111.889914449392","117.840780510022","127.720199380985","136.296422802222","148.795847411097","179.139391250729","220.38059318915","","",
"Albania","ALB","Wholesale price index (2010 = 100)","FP.WPI.TOTL","","","","","","","","","","","","","","","","103.047619047619","","","","","103.047619047619","100","100","100","100","100","95.2380952380952","","","","","","","","","","","","","","","","","","","","","","","","","","","","","","","","","",
"Andorra","AND","Wholesale price index (2010 = 100)","FP.WPI.TOTL","","","","","","","","","","","","","","","","","","","","","","","","","","","","","","","","","","","","","","","","","","","","","","","","","","","","","","","","","","","","",
"Arab World","ARB","Wholesale price index (2010 = 100)","FP.WPI.TOTL","","","","","","","","","","","","","","","","","","","","","","","","","","","","","","","","","","","","","","","","","","","","","","","","","","","","","","","","","","","","",
"United Arab Emirates","ARE","Wholesale price index (2010 = 100)","FP.WPI.TOTL","","","","","","","","","","","","","","","","","","","","","","","","","","","","","","","","","","","","","","","","","","","","","","","","","","","","","","","","","","","","",
"Argentina","ARG","Wholesale price index (2010 = 100)","FP.WPI.TOTL","","","","","","","","","","","","","","","","","","","","","","","","","","","","","","","","","","","","","","","","","","","","","","","","","","","","","","","","","","","","",
"Armenia","ARM","Wholesale price index (2010 = 100)","FP.WPI.TOTL","","","","","","","","","","","","","","","","","","","","","","","","","","","","","","","","","","","","","","","","","","","","","","","","","","","","","","","","","","","","",
"American Samoa","ASM","Wholesale price index (2010 = 100)","FP.WPI.TOTL","","","","","","","","","","","","","","","","","","","","","","","","","","","","","","","","","","","","","","","","","","","","","","","","","","","","","","","","","","","","",
"Antigua and Barbuda","ATG","Wholesale price index (2010 = 100)","FP.WPI.TOTL","","","","","","","","","","","","","","","","","","","","","","","","","","","","","","","","","","","","","","","","","","","","","","","","","","","","","","","","","","","","",
"Australia","AUS","Wholesale price index (2010 = 100)","FP.WPI.TOTL","","","","","","","","","","18.9898384093359","18.969563450456","19.0054345315512","19.7602868467712","23.2818912429834","26.5539576837511","28.143202537489","31.5197629970991","35.9615386040134","40.3159759265221","53.8643272949436","64.3979482391498","66.5767265126257","68.9894466193309","75.1031265277242","75.9936651062172","83.5343901973094","85.498642076549","89.7366260342323","89.8629444830418","90.0840017684583","93.6967094044085","93.2040674540517","96.3304490620855","100.738962925535","99.0589275563696","100","","","","","","","","","","","","","","","","","","","","","","","","",
"Austria","AUT","Wholesale price index (2010 = 100)","FP.WPI.TOTL","","","","","","","","","","","","","","","","","","","","","","","","","","","","","","","","","","","","","","","","","81.4804838783779","82.6957996634719","82.3970626437014","83.7277974472193","87.8693777178109","89.6821684071699","92.2964344676409","96.048990169845","102.230987582193","94.6660770633438","100","108.315975947291","110.890759580624","109.674195134263","107.541040681168","103.766864288066","101.345637454677","106.058382541094","110.503063228099","",
"Azerbaijan","AZE","Wholesale price index (2010 = 100)","FP.WPI.TOTL","","","","","","","","","","","","","","","","","","","","","","","","","","","","","","","","","","","","","","","","","","","","","","","","","","","","","","","","","","","","",
"Burundi","BDI","Wholesale price index (2010 = 100)","FP.WPI.TOTL","","","","","","","","","","","","","","","","","","","","","","","","","","","","","","","","","","","","","","","","","","","","","","","","","","","","","","","","","","","","",
"Belgium","BEL","Wholesale price index (2010 = 100)","FP.WPI.TOTL","","","","","","","","","","","","","","","","","","","","","","","","","","","","","","","","","","","","","","","","","","","","","","","","","","","","","","","","","","","","",
"Benin","BEN","Wholesale price index (2010 = 100)","FP.WPI.TOTL","","","","","","","","","","","","","","","","","","","","","","","","","","","","","","","","","","","","","","","","","","","","","","","","","","","","","","","","","","","","",
"Burkina Faso","BFA","Wholesale price index (2010 = 100)","FP.WPI.TOTL","","","","","","","","","","","","","","","","","","","","","","","","","","","","","","","","","","","","","","","","","","","","","","","","","","","","","","","","","","","","",
"Bangladesh","BGD","Wholesale price index (2010 = 100)","FP.WPI.TOTL","","","","","","","","","","","","","","12.8744543317201","21.2816487575386","20.46213901943","15.2757723303811","18.0066319677216","19.3080926796004","23.3174949630037","25.9982370717848","28.7938213565144","31.7090748823707","34.7605775687794","41.4110141033622","44.4298606447028","48.6331430490094","51.2721205507052","54.03819677636","60.1368368032236","62.7434519811954","65.5221625251847","67.3732370718603","69.5181329751511","72.5151108126259","77.4093351242445","78.7357286769644","80.1166890530557","86.5891537944929","88.9984889187374","86.9879113498993","86.7108797850907","88.5703492276696","93.6366689053056","97.1205507051712","100","","","","","","","","","","","","","","",
"Bulgaria","BGR","Wholesale price index (2010 = 100)","FP.WPI.TOTL","","","","","","","","","","","","","","","","","","","","","","","","","","","","","","","","","","","","","","","","","","","","","","","","","","","","","","","","","","","","",
"Bahrain","BHR","Wholesale price index (2010 = 100)","FP.WPI.TOTL","","","","","","","","","","","","","","","","","","","","","","","","","","","","","","","","","","","","","","","","","","","","","","","","","","","","","","","","","","","","",
"Bahamas, The","BHS","Wholesale price index (2010 = 100)","FP.WPI.TOTL","","","","","","","","","","","","","","","","","","","","","","","","","","","","","","","","","","","","","","","","","","","","","","","","","","","","","","","","","","","","",
"Bosnia and Herzegovina","BIH","Wholesale price index (2010 = 100)","FP.WPI.TOTL","","","","","","","","","","","","","","","","","","","","","","","","","","","","","","","","","","","","","","","","","","","","","","","","","","","","","","","","","","","","",
"Belarus","BLR","Wholesale price index (2010 = 100)","FP.WPI.TOTL","","","","","","","","","","","","","","","","","","","","","","","","","","","","","","","","","","","","","","","","","","","","","","","","","","","","","","","","","","","","",
"Belize","BLZ","Wholesale price index (2010 = 100)","FP.WPI.TOTL","","","","","","","","","","","","","","","","","","","","","","","","","","","","","","","","","","","","","","","","","","","","","","","","","","","","","","","","","","","","",
"Bermuda","BMU","Wholesale price index (2010 = 100)","FP.WPI.TOTL","","","","","","","","","","","","","","","","","","","","","","","","","","","","","","","","","","","","","","","","","","","","","","","","","","","","","","","","","","","","",
"Bolivia","BOL","Wholesale price index (2010 = 100)","FP.WPI.TOTL","","","","","","","","","","","","","","","","","","","","","","","","","","","53.1568525827586","58.7383221039482","69.9012611463275","83.3047615250701","100","119.204241916836","","","","","","","","","","","","","","","","","","","","","","","","","","","","",
"Brazil","BRA","Wholesale price index (2010 = 100)","FP.WPI.TOTL","1.65503371413424E-13","2.2894299504678E-13","3.5081911742143E-13","6.09180486833538E-13","1.16732909980406E-12","1.76450208692066E-12","2.41370757291071E-12","3.02629018469487E-12","3.75454504398352E-12","4.50961665269562E-12","5.50503838122441E-12","6.6060460574693E-12","7.8340930809732E-12","9.1468330026498E-12","1.18146592950893E-11","1.50329894256513E-11","2.10817662360918E-11","2.96459249066026E-11","4.11949374931293E-11","6.39742158491144E-11","1.33866250514271E-10","2.85204274241834E-10","5.50874009152036E-10","1.47290426560509E-09","4.95395917450199E-09","1.63002707696252E-08","4.34673887190005E-08","1.41269013336752E-07","1.10841841233451E-06","1.60104881781652E-05","0.000448293668988626","0.00226240513717611","0.0245579849229487","0.527546098627216","12.5502983941601","19.9251808268947","21.1067250615441","24.4982434171623","26.3978936129347","30.9586571631225","37.5102650073273","43.8648149576469","53.3698714662287","69.7403463560925","73.8068772146328","72.0197451102269","69.3764773670766","78.856580266686","95.9765708296848","93.644996347699","100","117.645679925351","129.40772231019","135.716176139208","140.62750008696","153.055153525189","184.298433064591","","","",
"Barbados","BRB","Wholesale price index (2010 = 100)","FP.WPI.TOTL","","","","","","","","","","","","","","","","","","","","","","","","","","","","","","","","","","","","","","","","","","","","","","","","","","","","","","","","","","","","",
"Brunei Darussalam","BRN","Wholesale price index (2010 = 100)","FP.WPI.TOTL","","","","","","","","","","","","","","","","","","","","","","","","","","","","","","","","","","","","","","","","","","","","","","","","","","","","","","","","","","","","",
"Bhutan","BTN","Wholesale price index (2010 = 100)","FP.WPI.TOTL","","","","","","","","","","","","","","","","","","","","","","","","","","","","","","","","","","","","","","","","","","","","","","","","","","","","","","","","","","","","",
"Botswana","BWA","Wholesale price index (2010 = 100)","FP.WPI.TOTL","","","","","","","","","","","","","","","","","","","","","","","","","","","","","","","","","","","","","","","","","","","","","","","","","","","","","","","","","","","","",
"Central African Republic","CAF","Wholesale price index (2010 = 100)","FP.WPI.TOTL","","","","","","","","","","","","","","","","","","","","","","","","","","","","","","","","","","","","","","","","","","","","","","","","","","","","","","","","","","","","",
"Canada","CAN","Wholesale price index (2010 = 100)","FP.WPI.TOTL","","","","","","","","","","","","","","","","","","","","","","","","","","","","","","","","","","","","","","","","","","","","","","","","","","","","","","","","","","","","",
"Central Europe and the Baltics","CEB","Wholesale price index (2010 = 100)","FP.WPI.TOTL","","","","","","","","","","","","","","","","","","","","","","","","","","","","","","","","","","","","","","","","","","","","","","","","","","","","","","","","","","","","",
"Switzerland","CHE","Wholesale price index (2010 = 100)","FP.WPI.TOTL","","","","","","","","","","","","","","","","","","","","","","","","","","","","","","","","","","","","","","","","","","","","","","","","","","","","","","","","","","","","",
"Channel Islands","CHI","Wholesale price index (2010 = 100)","FP.WPI.TOTL","","","","","","","","","","","","","","","","","","","","","","","","","","","","","","","","","","","","","","","","","","","","","","","","","","","","","","","","","","","","",
"Chile","CHL","Wholesale price index (2010 = 100)","FP.WPI.TOTL","","","","","","","","","","","","","","","","","","","","","","","","","","","","","","","","","","","","","","","","","","","","","","","","","","","","","","","","","","","","",
"China","CHN","Wholesale price index (2010 = 100)","FP.WPI.TOTL","","","","","","","","","","","","","","","","","","35.0903611818616","36.4911740033413","44.5458477279236","47.7326968973747","50.5343225408115","51.6467780429594","53.9379474940334","56.0859188544153","60.9069212405728","64.8210023866348","72.5536992840095","89.2601431980907","102.673031026253","100","97.9952267303103","","","","","","","","","","","","","","","","","","","","","","","","","","","","",
"Cote d'Ivoire","CIV","Wholesale price index (2010 = 100)","FP.WPI.TOTL","","","","","","","","","","","","","","","","","","","","","","","","","","","","","","","","","","","","","","","","","","","","","","","","","","","","","","","","","","","","",
"Cameroon","CMR","Wholesale price index (2010 = 100)","FP.WPI.TOTL","","","","","","","","","","","","","","","","","","","","","","","","","","","","","","","","","","","","","","","","","","","","","","","","","","","","","","","","","","","","",
"Congo, Dem. Rep.","COD","Wholesale price index (2010 = 100)","FP.WPI.TOTL","","","","","","","","","","","","","","","","","","","","","","","","","","","","","","","","","","","","","","","","","","","","","","","","","","","","","","","","","","","","",
"Congo, Rep.","COG","Wholesale price index (2010 = 100)","FP.WPI.TOTL","","","","","","","","","","","","","","","","","","37.0077415011781","40.6428811847863","44.2780208683945","50.4880511612252","57.404914170313","66.1898350723662","70.8347357791989","81.0838101649276","86.4355435880175","89.7298889262874","93.4365533490407","95.9777852574891","98.1193200942444","100","96.4742510939078","98.0814540558735","101.068663749579","","","","","","","","","","","","","","","","","","","","","","","","","","",
"Colombia","COL","Wholesale price index (2010 = 100)","FP.WPI.TOTL","","","","","","","","","","","","","","","","","","","","","","","","","","","","","","","","","","","","","","","","","","","","","","","","","","","","","","","","","","","","",
"Comoros","COM","Wholesale price index (2010 = 100)","FP.WPI.TOTL","","","","","","","","","","","","","","","","","","","","","","","","","","","","","","","","","","","","","","","","","","","","","","","","","","","","","","","","","","","","",
"Cabo Verde","CPV","Wholesale price index (2010 = 100)","FP.WPI.TOTL","","","","","","","","","","","","","","","","","","","","","","","","","","","","","","","","","","","","","","","","","","","","","","","","","","","","","","","","","","","","",
"Costa Rica","CRI","Wholesale price index (2010 = 100)","FP.WPI.TOTL","","","","","","","","","","","","","","","","","","","","","","17.1112870820216","35.6339400726141","44.9690461999524","48.410974179508","53.4442711436864","58.2555683193865","64.4388782612039","75.9476597196855","87.0187501201623","100","128.09363764828","151.369609520697","161.061297175706","","","","","","","","","","","","","","","","","","","","","","","","","","",
"Caribbean small states","CSS","Wholesale price index (2010 = 100)","FP.WPI.TOTL","","","","","","","","","","","","","","","","","","","","","","","","","","","","","","","","","","","","","","","","","","","","","","","","","","","","","","","","","","","","",
"Cuba","CUB","Wholesale price index (2010 = 100)","FP.WPI.TOTL","","","","","","","","","","","","","","","","","","","","","","","","","","","","","","","","","","","","","","","","","","","","","","","","","","","","","","","","","","","","",
"Curacao","CUW","Wholesale price index (2010 = 100)","FP.WPI.TOTL","","","","","","","","","","","","","","","","","","","","","","","","","","","","","","","","","","","","","","","","","","","","","","","","","","","","","","","","","","","","",
"Cayman Islands","CYM","Wholesale price index (2010 = 100)","FP.WPI.TOTL","","","","","","","","","","","","","","","","","","","","","","","","","","","","","","","","","","","","","","","","","","","","","","","","","","","","","","","","","","","","",
"Cyprus","CYP","Wholesale price index (2010 = 100)","FP.WPI.TOTL","","","","","","","","","14.8080430973729","15.2574079900045","15.7991656642986","16.2275321974614","16.7986875750118","18.7641340212042","23.8793343877953","26.4201358834738","27.3062666530977","29.3767048967599","30.5148159799249","33.2068056637785","38.6873774850841","42.9809532573774","45.1955344451918","46.7321826163283","49.1727414763686","50.7357537092649","48.4496129252456","48.3554555618181","50.0310800013736","51.5229092675186","53.33110727478","55.7607438806628","57.4227233364619","58.8491816394339","60.804451587433","63.0085740742682","64.3550440611857","66.1503373770757","66.4969534133119","67.296836573857","72.1316858998181","73.2781850965994","74.9527377742922","76.8253558224647","81.8190039509249","85.2761449629358","87.8509947791731","91.1034288133202","98.2079864540708","99.3368138845774","100","102.913785804995","105.002116551432","","","","","","","",
"Czech Republic","CZE","Wholesale price index (2010 = 100)","FP.WPI.TOTL","","","","","","","","","","","","","","","","","","","","","","","","","","","","","","","","","","","","","","","","","","","","","","","","","","","","","","","","","","","","",
"Germany","DEU","Wholesale price index (2010 = 100)","FP.WPI.TOTL","43.2508250825082","43.8696369636964","44.3151815181518","44.546204620462","45.016501650165","46.1056105610561","46.9306930693069","46.4851485148515","46.1551155115512","47.013201320132","49.3151815181518","51.4026402640264","52.7640264026403","56.2706270627063","63.8036303630363","66.7656765676567","69.2244224422443","71.1386138613861","71.9554455445545","75.4042904290429","81.1056105610561","87.4587458745874","92.5907590759075","93.9438943894389","96.6584158415842","99.0181518151815","96.5181518151815","94.1171617161716","95.2970297029703","98.3085808580858","100","102.376237623762","103.770627062706","103.722772277228","","","","","","","","","","","","","","","","","","","","","","","","","","",
"Djibouti","DJI","Wholesale price index (2010 = 100)","FP.WPI.TOTL","","","","","","","","","","","","","","","","","","","","","","","","","","","","","","","","","","","","","","","","","","","","","","","","","","","","","","","","","","","","",
"Dominica","DMA","Wholesale price index (2010 = 100)","FP.WPI.TOTL","","","","","","","","","","","","","","","","","","","","","","","","","","","","","","","","","","","","","","","","","","","","","","","","","","","","","","","","","","","","",
"Denmark","DNK","Wholesale price index (2010 = 100)","FP.WPI.TOTL","","","","","","","","","","","","","","","","","","","","","","","","","","","","","","","","","","","","","","","","","","","","","","","","","","","","","","","","","","","","",
"Dominican Republic","DOM","Wholesale price index (2010 = 100)","FP.WPI.TOTL","82.8894875913973","77.5452049117282","85.1691622196614","91.0678203202689","92.6428682452513","99.7046785140658","96.9483446453983","94.9380861095913","104.196673747512","99.6994974353911","100","100.033677011528","102.955805398744","","","","","","","","","","","","","","","","","","","","","","","","","","","","","","","","","","","","","","","","","","","","","","","",
"Algeria","DZA","Wholesale price index (2010 = 100)","FP.WPI.TOTL","","","","","","","","","","","","","","","","","","","","","","","","","","","","","","","","","","","","","","","","","","","","","","","","","","","","","","","","","","","","",
"East Asia & Pacific (excluding high income)","EAP","Wholesale price index (2010 = 100)","FP.WPI.TOTL","","","","","","","","","","","","","","","","","","","","","","","","","","","","","","","","","","","","","","","","","","","","","","","","","","","","","","","","","","","","",
"Early-demographic dividend","EAR","Wholesale price index (2010 = 100)","FP.WPI.TOTL","","","","","","","","","","","","","","","","","","","","","","","","","","","","","","","","","","","","","","","","","","","","","","","","","","","","","","","","","","","","",
"East Asia & Pacific","EAS","Wholesale price index (2010 = 100)","FP.WPI.TOTL","","","","","","","","","","","","","","","","","","","","","","","","","","","","","","","","","","","","","","","","","","","","","","","","","","","","","","","","","","","","",
"Europe & Central Asia (excluding high income)","ECA","Wholesale price index (2010 = 100)","FP.WPI.TOTL","","","","","","","","","","","","","","","","","","","","","","","","","","","","","","","","","","","","","","","","","","","","","","","","","","","","","","","","","","","","",
"Europe & Central Asia","ECS","Wholesale price index (2010 = 100)","FP.WPI.TOTL","","","","","","","","","","","","","","","","","","","","","","","","","","","","","","","","","","","","","","","","","","","","","","","","","","","","","","","","","","","","",
"Ecuador","ECU","Wholesale price index (2010 = 100)","FP.WPI.TOTL","","","","","","","","","","","","","","","2.96856669530549","3.38268174928329","3.94794632417857","4.27152009396934","4.98644990641961","5.52054453101666","5.92600126548133","6.4929975042921","7.59013027876294","8.7174434813052","10.7271631340221","13.5289953332746","17.3861529927304","22.8817120874147","38.1555835730988","68.7324216855785","100","148.002672442591","228.877466352008","318.347180465307","376.396297373894","","","","","","","","","","","","","","","","","","","","","","","","","",
"Egypt, Arab Rep.","EGY","Wholesale price index (2010 = 100)","FP.WPI.TOTL","","","","","","","","","","","2.28234182497118","2.28666444206876","2.31580208321592","2.47397784942758","2.82859254796529","3.04200175480057","3.27926540411565","3.58441015148199","4.11353050302472","4.51409302029745","5.49420642184286","5.93463307451883","6.48776796546272","7.52471577694459","8.27813192652405","9.37127376021372","10.9904941037931","12.4915629135013","15.770668220702","20.0734332942459","23.4431534634657","27.6447372776526","30.9942852337727","33.645010093226","35.1976941127209","37.4210300168739","40.5340846104156","42.2251266118457","42.8160304930273","43.202279859263","43.9757394110535","44.4292461296188","47.2675063979282","54.0624206218564","63.2872469035214","66.6268484130899","71.3109817305762","77.6852037743425","94.1025898413973","88.7924111624172","100","114.756073077695","117.576791808874","121.521782774543","126.776751656294","122.806665328247","111.48363782373","","","",
"Euro area","EMU","Wholesale price index (2010 = 100)","FP.WPI.TOTL","","","","","","","","","","","","","","","","","","","","","","","","","","","","","","","","","","","","","","","","","","","","","","","","","","","","","","","","","","","","",
"Eritrea","ERI","Wholesale price index (2010 = 100)","FP.WPI.TOTL","","","","","","","","","","","","","","","","","","","","","","","","","","","","","","","","","","","","","","","","","","","","","","","","","","","","","","","","","","","","",
"Spain","ESP","Wholesale price index (2010 = 100)","FP.WPI.TOTL","43.2284474254477","44.3479976326662","46.5254488063996","48.522884198075","49.9186230025767","54.9738607220124","56.396725192326","56.7049713947336","57.9848096271054","59.4594594593742","60.4310514893383","63.8686131386374","68.2753008482568","75.2687906885303","88.7971000197467","100","115.321069244542","135.058690077132","153.891300059823","170.610574078067","","","","","","","","","","","","","","","","","","","","","","","","","","","","","","","","","","","","","","","","",
"Estonia","EST","Wholesale price index (2010 = 100)","FP.WPI.TOTL","","","","","","","","","","","","","","","","","","","","","","","","","","","","","","","","","","","","","","","","","","","","","","","","","","","","","","","","","","","","",
"Ethiopia","ETH","Wholesale price index (2010 = 100)","FP.WPI.TOTL","","","","","","","","","","","","","","","","","","","","","","","","","","","","","","","","","","","","","","","","","","","","","","","","","","","","","","","","","","","","",
"European Union","EUU","Wholesale price index (2010 = 100)","FP.WPI.TOTL","","","","","","","","","","","","","","","","","","","","","","","","","","","","","","","","","","","","","","","","","","","","","","","","","","","","","","","","","","","","",
"Fragile and conflict affected situations","FCS","Wholesale price index (2010 = 100)","FP.WPI.TOTL","","","","","","","","","","","","","","","","","","","","","","","","","","","","","","","","","","","","","","","","","","","","","","","","","","","","","","","","","","","","",
"Finland","FIN","Wholesale price index (2010 = 100)","FP.WPI.TOTL","","","","","","","","","","","","","","","","","","","","","","","","","","","","","","","","","","","","","","","","","","","","","","","","","","","","","","","","","","","","",
"Fiji","FJI","Wholesale price index (2010 = 100)","FP.WPI.TOTL","","","","","","","","","","","","","","","","","","","","","","","","","","","","","","","","","","","","","","","","","","","","","","","","","","","","","","","","","","","","",
"France","FRA","Wholesale price index (2010 = 100)","FP.WPI.TOTL","","","","","","","","","","","","","","","","","","","","","","","","","","","","","","","","","","","","","","","","","","","","","","","","","","","","","","","","","","","","",
"Faroe Islands","FRO","Wholesale price index (2010 = 100)","FP.WPI.TOTL","","","","","","","","","","","","","","","","","","","","","","","","","","","","","","","","","","","","","","","","","","","","","","","","","","","","","","","","","","","","",
"Micronesia, Fed. Sts.","FSM","Wholesale price index (2010 = 100)","FP.WPI.TOTL","","","","","","","","","","","","","","","","","","","","","","","","","","","","","","","","","","","","","","","","","","","","","","","","","","","","","","","","","","","","",
"Gabon","GAB","Wholesale price index (2010 = 100)","FP.WPI.TOTL","77.1557719049971","81.7454798332119","86.1961057021425","90.3511821976368","96.0013908202225","100","105.493741307217","","","","","","","","","","","","","","","","","","","","","","","","","","","","","","","","","","","","","","","","","","","","","","","","","","","","","",
"United Kingdom","GBR","Wholesale price index (2010 = 100)","FP.WPI.TOTL","","","","","","","","","","","","","","","","","","","","","","","","","","","","","","","","","","","","","","","","","","","","","","","","","","","","","","","","","","","","",
"Georgia","GEO","Wholesale price index (2010 = 100)","FP.WPI.TOTL","","","","","","","","","","","","","","","","","","","","","","","","","","","","","","","","","","","","","","","","","","","","","","","","","","","","","","","","","","","","",
"Ghana","GHA","Wholesale price index (2010 = 100)","FP.WPI.TOTL","","","","0.0477900049902457","0.0511523624165794","0.059360137278825","0.0597865642024722","0.0621413465079079","0.0737794052090641","0.0794286185281055","0.0862891862057758","0.0825117229244571","0.0979498870445207","0.123486444512247","0.157370403357041","0.195888453020492","0.263814865672935","0.44592557799387","0.656736894987871","1.09077112423635","1.56241174389268","2.33531225196282","3.18119591294232","7.2702591422105","13.3977968303584","20.6233519333847","33.729662077597","47.6785114409639","64.23714024954","81.4960951783554","100","","","","","","","","","","","","","","","","","","","","","","","","","","","","","",
"Gibraltar","GIB","Wholesale price index (2010 = 100)","FP.WPI.TOTL","","","","","","","","","","","","","","","","","","","","","","","","","","","","","","","","","","","","","","","","","","","","","","","","","","","","","","","","","","","","",
"Guinea","GIN","Wholesale price index (2010 = 100)","FP.WPI.TOTL","","","","","","","","","","","","","","","","","","","","","","","","","","","","","","","","","","","","","","","","","","","","","","","","","","","","","","","","","","","","",
"Gambia, The","GMB","Wholesale price index (2010 = 100)","FP.WPI.TOTL","","","","","","","","","","","","","","","","","","","","","","","","","","","","","","","","","","","","","","","","","","","","","","","","","","","","","","","","","","","","",
"Guinea-Bissau","GNB","Wholesale price index (2010 = 100)","FP.WPI.TOTL","","","","","","","","","","","","","","","","","","","","","","","","","","","","","","","","","","","","","","","","","","","","","","","","","","","","","","","","","","","","",
"Equatorial Guinea","GNQ","Wholesale price index (2010 = 100)","FP.WPI.TOTL","","","","","","","","","","","","","","","","","","","","","","","","","","","","","","","","","","","","","","","","","","","","","","","","","","","","","","","","","","","","",
"Greece","GRC","Wholesale price index (2010 = 100)","FP.WPI.TOTL","","","","","","","","","","","","","","","","","","","","","","","","","","","","","","","","","","","","","","","","","","","","","","","","","","","","","","","","","","","","",
"Grenada","GRD","Wholesale price index (2010 = 100)","FP.WPI.TOTL","","","","","","","","","","","","","","","","","","","","","","","","","","","","","","","","","","","","","","","","","","","","","","","","","","","","","","","","","","","","",
"Greenland","GRL","Wholesale price index (2010 = 100)","FP.WPI.TOTL","","","","","","","","","","","","","","","","","","","","","","","","","","","","","","","","","","","","","","","","","","","","","","","","","","","","","","","","","","","","",
"Guatemala","GTM","Wholesale price index (2010 = 100)","FP.WPI.TOTL","","","","","","","","","","","","","","","","","","","","","","","","","","","","","","","","","","","","","","","","","","","","","","","","","","","","","","","","","","","","",
"Guam","GUM","Wholesale price index (2010 = 100)","FP.WPI.TOTL","","","","","","","","","","","","","","","","","","","","","","","","","","","","","","","","","","","","","","","","","","","","","","","","","","","","","","","","","","","","",
"Guyana","GUY","Wholesale price index (2010 = 100)","FP.WPI.TOTL","","","","","","","","","","","","","","","","","","","","","","","","","","","","","","","","","","","","","","","","","","","","","","","","","","","","","","","","","","","","",
"High income","HIC","Wholesale price index (2010 = 100)","FP.WPI.TOTL","","","","","","","","","","","","","","","","","","","","","","","","","","","","","","","","","","","","","","","","","","","","","","","","","","","","","","","","","","","","",
"Hong Kong SAR, China","HKG","Wholesale price index (2010 = 100)","FP.WPI.TOTL","","","","","","","","","","","","","","","","","","","","","","","","","","","","","","","","","","","","","","","","","","","","","","","","","","","","","","","","","","","","",
"Honduras","HND","Wholesale price index (2010 = 100)","FP.WPI.TOTL","","","","","","","","","","","","","","","","","","","","","","","","","","","","","","","","","","","","","","","","","","","","","","","","","","","","","","","","","","","","",
"Heavily indebted poor countries (HIPC)","HPC","Wholesale price index (2010 = 100)","FP.WPI.TOTL","","","","","","","","","","","","","","","","","","","","","","","","","","","","","","","","","","","","","","","","","","","","","","","","","","","","","","","","","","","","",
"Croatia","HRV","Wholesale price index (2010 = 100)","FP.WPI.TOTL","","","","","","","","","","","","","","","","","","","","","","","","","","","","","","","0.460191007506461","0.341588811578895","3.24160243734756","52.0303394690593","98.6842105263158","100","","","","","","","","","","","","","","","","","","","","","","","","",
"Haiti","HTI","Wholesale price index (2010 = 100)","FP.WPI.TOTL","","","","","","","","","","","","","","","","","","","","","","","","","","","","","","","","","","","","","","","","","","","","","","","","","","","","","","","","","","","","",
"Hungary","HUN","Wholesale price index (2010 = 100)","FP.WPI.TOTL","","","","","","","","","","","","","","","","","","","","","","","","","","","","","","","","","","","","","","","","","","","","","","","","","","","","","","","","","","","","",
"IBRD only","IBD","Wholesale price index (2010 = 100)","FP.WPI.TOTL","","","","","","","","","","","","","","","","","","","","","","","","","","","","","","","","","","","","","","","","","","","","","","","","","","","","","","","","","","","","",
"IDA & IBRD total","IBT","Wholesale price index (2010 = 100)","FP.WPI.TOTL","","","","","","","","","","","","","","","","","","","","","","","","","","","","","","","","","","","","","","","","","","","","","","","","","","","","","","","","","","","","",
"IDA total","IDA","Wholesale price index (2010 = 100)","FP.WPI.TOTL","","","","","","","","","","","","","","","","","","","","","","","","","","","","","","","","","","","","","","","","","","","","","","","","","","","","","","","","","","","","",
"IDA blend","IDB","Wholesale price index (2010 = 100)","FP.WPI.TOTL","","","","","","","","","","","","","","","","","","","","","","","","","","","","","","","","","","","","","","","","","","","","","","","","","","","","","","","","","","","","",
"Indonesia","IDN","Wholesale price index (2010 = 100)","FP.WPI.TOTL","","","","","","","","","","","","","","","","","","","3.11066883357367","4.65320693129944","5.89987862164341","6.55287866099856","7.03816936720284","8.30035174731394","9.21339043951847","9.66990978562074","9.88433553909301","11.7034959637127","12.5473650580229","13.4258189512803","14.7746261102188","15.5354916870559","16.3378590226296","17.0018871624147","17.8595901763038","19.8931763543957","21.4564092668065","23.3793240882676","47.1805827236903","52.1123750535526","58.6212287009536","66.0666132562138","69.0479912458965","71.2668047522276","76.5622557448804","88.750586212287","100.650207128341","114.413494606847","143.952243239018","95.381135688604","100","107.461016882914","112.956268563389","111.143407065812","77.6379552915429","81.0482452712209","87.4404017508207","91.503341410036","96.4920079724871","",
"IDA only","IDX","Wholesale price index (2010 = 100)","FP.WPI.TOTL","","","","","","","","","","","","","","","","","","","","","","","","","","","","","","","","","","","","","","","","","","","","","","","","","","","","","","","","","","","","",
"Isle of Man","IMN","Wholesale price index (2010 = 100)","FP.WPI.TOTL","","","","","","","","","","","","","","","","","","","","","","","","","","","","","","","","","","","","","","","","","","","","","","","","","","","","","","","","","","","","",
"India","IND","Wholesale price index (2010 = 100)","FP.WPI.TOTL","3.0967403449701","3.17101640496331","3.28528726640343","3.40527167085842","3.75951134132279","4.06804266726825","4.55369382838875","5.23931899702947","5.21646482468431","5.32502214310956","5.65259861255695","5.93589512320106","6.45820818569075","7.51854655414671","9.66683874921143","10.0453609777366","9.84776761315828","10.5924327268716","10.569102425999","11.8003709580354","14.1672061755996","15.9012664979581","16.2878829124782","17.5720017179067","18.7931606820573","19.665417085022","20.7597023905595","22.2028902572829","24.1377135511318","25.7738551069959","28.1025153827895","31.8941875344647","35.6779300824767","38.3453165947549","42.387696382252","46.3472118114674","48.4213579029263","50.6143018355367","53.5906693692555","55.4400627882652","59.0714238245499","61.9193612597263","63.4829977094793","66.9217135979505","71.3236552254893","74.6917345597622","78.2331945270672","82.0523497917906","89.1731112433075","91.2730517549078","100","109.470553242118","117.733491969066","124.77241596022","128.9564572156","123.93935181765","123.873829918796","128.132753344295","133.599151762958","136.117064733197",
"Not classified","INX","Wholesale price index (2010 = 100)","FP.WPI.TOTL","","","","","","","","","","","","","","","","","","","","","","","","","","","","","","","","","","","","","","","","","","","","","","","","","","","","","","","","","","","","",
"Ireland","IRL","Wholesale price index (2010 = 100)","FP.WPI.TOTL","","","","","","","","","","","","","","","","","","","","","","","","","","","","","","","","","","","","","","","","","","","","","","","","","","","","","","","","","","","","",
"Iran, Islamic Rep.","IRN","Wholesale price index (2010 = 100)","FP.WPI.TOTL","0.29180079724684","0.295555110964369","0.299223118620279","0.299784108027274","0.315966494743485","0.32511493736613","0.321403776678548","0.32230999033547","0.324122417646295","0.333184554209478","0.342850833206583","0.364082124577552","0.38492503866692","0.428250682033675","0.500877233611725","0.540750634477911","0.589340947654332","0.690491652882204","0.760054339243012","0.867548540064595","1.13889480050798","1.40657305329373","1.58514029657042","1.81877080770707","1.95742149708547","2.06120453721947","2.45212263910592","3.24411255981094","3.9633341758358","4.77140081501667","5.75292678512118","7.23679846893481","9.62787614449741","12.0916726859906","16.6409242567228","26.7213863500188","35.5213861746914","39.3190399562953","44.0040673116671","52.4470836126808","62.3599272100374","66.0536985601635","71.455479998723","79.0154199789292","88.9538039140568","100","109.162596175334","126.204386553012","","","","","","","","","","","","",
"Iraq","IRQ","Wholesale price index (2010 = 100)","FP.WPI.TOTL","63.4266379571314","62.9960012305844","61.5195324517426","66.4308417920633","67.7483851121739","65.6464677533548","65.3388700909936","70.1220137390653","66.8153388700404","68.5635189170057","75.2127550497033","80.0266584641034","76.9404285858514","80.4983082127463","90.5721316517704","100","111.206808161421","118.62503844956","","","","","","","","","","","","","","","","","","","","","","","","","","","","","","","","","","","","","","","","","","",
"Iceland","ISL","Wholesale price index (2010 = 100)","FP.WPI.TOTL","","","","","","","","","","","","","","","","","","","","","","","","","","","","","","","","","","","","","","","","","","","","","","","","","","","","","","","","","","","","",
"Israel","ISR","Wholesale price index (2010 = 100)","FP.WPI.TOTL","","","","0.117554395006489","0.118729938956554","0.123314560360632","0.129162891512792","0.130633690485822","0.133708997426635","0.136450031873213","0.146210788685357","0.160439654494953","0.177331557836295","0.211159934185122","0.319820779427056","0.450253906416738","0.588919058765896","0.815677366709048","1.24934583334278","2.23692720508769","5.25860401007075","11.7135348246582","26.4409295461631","64.6359058929541","320.937436302551","11.7485409783082","17.0479968298338","20.2059126771429","23.7417495312414","28.7398043121328","32.0639262566687","37.2084006946408","40.9929140449781","44.3484201929384","47.8458655268153","52.9640490369586","57.5212537982687","61.1375133945139","63.693216152169","68.1906150767165","70.6705637744723","70.5868356030047","73.3219558709476","76.4996393309337","80.6541514580424","85.6937899692374","90.5669808626107","93.6953727506427","102.692802056555","96.1725221365324","100","107.762067980577","112.425021422451","112.902827763495","111.356983718937","104.826963724649","101.032619251642","","","",
"Italy","ITA","Wholesale price index (2010 = 100)","FP.WPI.TOTL","6.81143305722065","6.8482516142867","7.03234439961699","7.40052997027757","7.65825986973997","7.76871554093814","7.91598976920237","7.78712481947117","7.81167052418187","8.11542361997685","8.71372517230028","9.06043325133899","9.43168703508841","11.0394306936396","15.5374310818763","16.869035562432","20.7288476281904","24.3278615813975","26.3712914985637","30.4520149067184","36.5608271665951","42.9396421782896","48.8797027182802","53.6477058583347","59.2042397622205","63.554965922193","62.9781418614914","64.6472497818194","67.7031900183021","72.0385751128304","77.3754480980013","81.3797549967763","83.0883301096067","87.3694390715667","90.709219858156","100","103.655705996132","","","","","","","","","","","","","","","","","","","","","","","",
"Jamaica","JAM","Wholesale price index (2010 = 100)","FP.WPI.TOTL","","","","","","","","","","","","","","","","","","","","","","","","","","","","","","","","","","","","","","","","","","","","","","","","","","","","","","","","","","","","",
"Jordan","JOR","Wholesale price index (2010 = 100)","FP.WPI.TOTL","","","","","","","","","","","","","","","","16.7387549011599","19.1087427703492","20.3910550474511","21.501629072999","22.8984335175746","26.3160247199666","28.6974618058576","29.6076745381834","30.7869438643987","31.3078832268104","31.7715765054851","7.95720564737705","31.8803440649229","34.9945310233208","46.79867350166","53.5422621726026","56.2900741947184","58.6314390218963","60.6249079486407","63.5564798997355","62.0222905786626","63.292638424137","64.2893728875093","64.6997929606625","63.1469979296066","60.8889751552795","59.9524456521739","58.9900362318841","59.7130564182195","64.745082815735","69.236865942029","73.7383540372671","80.0174689440994","95.5615942028985","96.4479813664596","100","","","","","","","","","",
"Japan","JPN","Wholesale price index (2010 = 100)","FP.WPI.TOTL","45.4257669903997","45.8860436629447","45.1248168583511","45.9391525097768","46.018815780025","46.3994291823218","47.4970120168521","48.373307989582","48.7539213918788","49.7983953795769","51.5952446973968","51.223482769572","51.6129476463408","59.8005615329581","78.5656874136376","80.9290310976666","85.0715211505714","86.6736380300067","84.4696208864741","90.6213956445271","106.722227709129","108.226978369372","110.156599804272","107.713592849995","107.43034566689","106.217693664224","96.5164776428915","92.8962245838358","91.9756712387459","94.3390149227749","96.277487832147","96.4456658471154","95.0117269826483","91.4265301262205","92.2680003175359","95.2528379772962","97.4120822418036","100.944669365722","93.7683575454473","94.474874970231","100","92.2521235214734","","","","","","","","","","","","","","","","","","",
"Kazakhstan","KAZ","Wholesale price index (2010 = 100)","FP.WPI.TOTL","","","","","","","","","","","","","","","","","","","","","","","","","","","","","","","","","","","","","","","","","","","","","","","73.4907827316096","80.363979032923","94.2163849461099","94.2399434595677","100","111.361093115024","113.127981624359","120.519465221745","129.807409152482","127.045173449555","150.750927616467","160.404028505801","","",
"Kenya","KEN","Wholesale price index (2010 = 100)","FP.WPI.TOTL","","","","","","","","","","","","","","","","","","","","","","","","","","","","","88.3791169279448","93.2619013375521","90.7090464547677","91.8308643750899","92.6218898317273","97.0228678268373","97.9361426722278","100","","","","","","","","","","","","","","","","","","","","","","","","",
"Kyrgyz Republic","KGZ","Wholesale price index (2010 = 100)","FP.WPI.TOTL","","","","","","","","","","","","","","","","","","","","","","","","","","","","","","","","","","","","","","","","","","","","","","","","","","","","","","","","","","","","",
"Cambodia","KHM","Wholesale price index (2010 = 100)","FP.WPI.TOTL","","","","","","","","","","","","","","","","","","","","","","","","","","","","","","","","","","","","","","","","","","","","","","","","","","","","","","","","","","","","",
"Kiribati","KIR","Wholesale price index (2010 = 100)","FP.WPI.TOTL","","","","","","","","","","","","","","","","","","","","","","","","","","","","","","","","","","","","","","","","","","","","","","","","","","","","","","","","","","","","",
"St. Kitts and Nevis","KNA","Wholesale price index (2010 = 100)","FP.WPI.TOTL","","","","","","","","","","","","","","","","","","","","","","","","","","","","","","","","","","","","","","","","","","","","","","","","","","","","","","","","","","","","",
"Korea, Rep.","KOR","Wholesale price index (2010 = 100)","FP.WPI.TOTL","3.53507529892313","4.00800461886746","4.38292242982093","5.28310580339706","7.11487429614868","7.82569562813744","8.51653403114301","9.06368565886423","9.80019932813475","10.4605875535796","11.4178650100369","12.40368950793","14.1136073178659","15.0907032088313","21.4418265021424","27.1392907382225","30.4256803907886","36.1944638287974","47.8250755989765","53.9660386136311","67.3645033728774","84.7638985810654","85.322167946034","91.55617585485","92.20749011398","93.0448941614329","91.6492207490114","91.3080561370861","94.611149879817","95.9990695510584","100","105.381096379003","107.606420097697","","","","","","","","","","","","","","","","","","","","","","","","","","","",
"Kuwait","KWT","Wholesale price index (2010 = 100)","FP.WPI.TOTL","","","","","","","","","","","","","23.5306989270759","28.7152962572044","31.7076168041172","34.1097089862562","36.7039685429271","39.2648929428043","38.8119269884973","41.3257899905202","45.653477701525","48.7909042251351","49.3085796014915","50.2302352949774","49.9076558022573","49.2701772809296","49.5466739889754","51.1941335410813","53.5366750953578","58.2563202924164","60.46061349267","71.704812953197","72.0158717497485","73.3177104167972","73.5788461966182","74.097277524204","78.0219946856311","77.0043331907405","75.7408968442537","74.8192411507679","75.1533413396565","76.6356709133462","79.1471826780951","80.6871157326276","80.9943342971229","84.6079926619986","86.3937005681273","89.7577438493506","95.5919971995584","95.6817549434077","100","103.849709633699","106.04129454602","109.669003359932","112.331816427462","115.682772197838","117.156295159365","120.791483785264","","",
"Latin America & Caribbean (excluding high income)","LAC","Wholesale price index (2010 = 100)","FP.WPI.TOTL","","","","","","","","","","","","","","","","","","","","","","","","","","","","","","","","","","","","","","","","","","","","","","","","","","","","","","","","","","","","",
"Lao PDR","LAO","Wholesale price index (2010 = 100)","FP.WPI.TOTL","","","","","","","","","","","","","","","","","","","","","","","","","","","","","","","","","","","","","","","","","","","","","","","","","","","","","","","","","","","","",
"Lebanon","LBN","Wholesale price index (2010 = 100)","FP.WPI.TOTL","83.4008097165992","84.2105263157895","81.7813765182186","84.2105263157895","86.1673414304993","86.774628879892","88.7989203778677","93.0499325236167","92.0377867746289","97.0310391363023","100","102.699055330634","","","","","","","","","","","","","","","","","","","","","","","","","","","","","","","","","","","","","","","","","","","","","","","","",
"Liberia","LBR","Wholesale price index (2010 = 100)","FP.WPI.TOTL","","","","","","","","","","","","","","","","","","","","","","","","","","","","","","","","","","","","","","","","","","","","","","","","","","","","","","","","","","","","",
"Libya","LBY","Wholesale price index (2010 = 100)","FP.WPI.TOTL","","","","","","","","","","","","","","","","","","","","","","","","","","","","","","","","","","","","","","","","","","","","","","","","","","","","","","","","","","","","",
"St. Lucia","LCA","Wholesale price index (2010 = 100)","FP.WPI.TOTL","","","","","","","","","","","","","","","","","","","","","","","","","","","","","","","","","","","","","","","","","","","","","","","","","","","","","","","","","","","","",
"Latin America & Caribbean","LCN","Wholesale price index (2010 = 100)","FP.WPI.TOTL","","","","","","","","","","","","","","","","","","","","","","","","","","","","","","","","","","","","","","","","","","","","","","","","","","","","","","","","","","","","",
"Least developed countries: UN classification","LDC","Wholesale price index (2010 = 100)","FP.WPI.TOTL","","","","","","","","","","","","","","","","","","","","","","","","","","","","","","","","","","","","","","","","","","","","","","","","","","","","","","","","","","","","",
"Low income","LIC","Wholesale price index (2010 = 100)","FP.WPI.TOTL","","","","","","","","","","","","","","","","","","","","","","","","","","","","","","","","","","","","","","","","","","","","","","","","","","","","","","","","","","","","",
"Liechtenstein","LIE","Wholesale price index (2010 = 100)","FP.WPI.TOTL","","","","","","","","","","","","","","","","","","","","","","","","","","","","","","","","","","","","","","","","","","","","","","","","","","","","","","","","","","","","",
"Sri Lanka","LKA","Wholesale price index (2010 = 100)","FP.WPI.TOTL","","","","","","","","","","","","","","","2.56868008373897","2.65601520656041","2.87309007931014","3.47595929496581","4.02417984184209","4.40723425932538","5.89576296218903","6.89669196815479","7.27685662054601","9.09548211982678","11.4218500490019","9.68627853908247","9.40008476644062","10.6583098941276","12.5520692858641","13.6893523929395","16.7248900818981","18.2592483185848","19.8561111039759","21.3656387665198","22.4344237380289","24.4108090057924","29.4122431855058","31.4487783785635","33.4063266590463","33.2721131246709","33.8348681196834","37.7902073352941","41.8435845074342","43.1240715291781","48.5086671547159","54.0936198267853","60.403518235488","75.1188228595403","93.8506869078657","89.9350552052161","100","110.620138768444","114.494259154053","125.041463735329","129.001447635929","130.302298970766","135.728673825084","145.763750192312","150.703941195071","",
"Lower middle income","LMC","Wholesale price index (2010 = 100)","FP.WPI.TOTL","","","","","","","","","","","","","","","","","","","","","","","","","","","","","","","","","","","","","","","","","","","","","","","","","","","","","","","","","","","","",
"Low & middle income","LMY","Wholesale price index (2010 = 100)","FP.WPI.TOTL","","","","","","","","","","","","","","","","","","","","","","","","","","","","","","","","","","","","","","","","","","","","","","","","","","","","","","","","","","","","",
"Lesotho","LSO","Wholesale price index (2010 = 100)","FP.WPI.TOTL","","","","","","","","","","","","","","","","","","","","","","","","","","","","","","","","","","","","","","","","","","","","","","","","","","","","","","","","","","","","",
"Late-demographic dividend","LTE","Wholesale price index (2010 = 100)","FP.WPI.TOTL","","","","","","","","","","","","","","","","","","","","","","","","","","","","","","","","","","","","","","","","","","","","","","","","","","","","","","","","","","","","",
"Lithuania","LTU","Wholesale price index (2010 = 100)","FP.WPI.TOTL","","","","","","","","","","","","","","","","","","","","","","","","","","","","","","","","","","","","","","","","","","","","","","","","","","","","","","","","","","","","",
"Luxembourg","LUX","Wholesale price index (2010 = 100)","FP.WPI.TOTL","","","","","","","","","","","","","","","","","","","","","","","","","","","","","","","","","","","","","","","","","","","","","","","","","","","","","","","","","","","","",
"Latvia","LVA","Wholesale price index (2010 = 100)","FP.WPI.TOTL","","","","","","","","","","","","","","","","","","","","","","","","","","","","","","","","","","","","","","","","","","","","","","","","","","","","","","","","","","","","",
"Macao SAR, China","MAC","Wholesale price index (2010 = 100)","FP.WPI.TOTL","","","","","","","","","","","","","","","","","","","","","","","","","","","","","","","","","","","","","","","","","","","","","","","","","","","","","","","","","","","","",
"St. Martin (French part)","MAF","Wholesale price index (2010 = 100)","FP.WPI.TOTL","","","","","","","","","","","","","","","","","","","","","","","","","","","","","","","","","","","","","","","","","","","","","","","","","","","","","","","","","","","","",
"Morocco","MAR","Wholesale price index (2010 = 100)","FP.WPI.TOTL","","","","","","","","","","","","","","","","","","","","31.4161985874553","34.0885492367855","40.0763888659404","44.9065795001254","48.2043267328786","54.7909503249046","60.03363657812","64.6974983338282","65.3650315665599","68.1615744452134","70.749651796037","73.9764320406371","78.7334379682435","80.951156349412","84.5616018739543","86.5331535148131","92.1572873294563","96.2401068691875","94.9893137022085","97.6490144858703","96.0104488245073","100","99.5962954167656","101.781049631916","97.1740679173593","","","","","","","","","","","","","","","","",
"Monaco","MCO","Wholesale price index (2010 = 100)","FP.WPI.TOTL","","","","","","","","","","","","","","","","","","","","","","","","","","","","","","","","","","","","","","","","","","","","","","","","","","","","","","","","","","","","",
"Moldova","MDA","Wholesale price index (2010 = 100)","FP.WPI.TOTL","","","","","","","","","","","","","","","","","","","","","","","","","","","","","","","","","","","","","","","","","","","","","","","","","","","","","","","","","","","","",
"Madagascar","MDG","Wholesale price index (2010 = 100)","FP.WPI.TOTL","","","","","","","","","","","","","","","","","","","","","","","","","","","","","","","","","","","","","","","","","","","","","","","","","","","","","","","","","","","","",
"Maldives","MDV","Wholesale price index (2010 = 100)","FP.WPI.TOTL","","","","","","","","","","","","","","","","","","","","","","","","","","","","","","","","","","","","","","","","","","","","","","","","","","","","","","","","","","","","",
"Middle East & North Africa","MEA","Wholesale price index (2010 = 100)","FP.WPI.TOTL","","","","","","","","","","","","","","","","","","","","","","","","","","","","","","","","","","","","","","","","","","","","","","","","","","","","","","","","","","","","",
"Mexico","MEX","Wholesale price index (2010 = 100)","FP.WPI.TOTL","","","","","","","","","","","","","","","","","","","0.096557049203702","0.11421894278673","0.142172208531121","0.176989071189742","0.276201439246546","0.572784462296886","0.975644610835342","1.49818722186428","2.82232231611973","6.65041504242958","13.8213369514333","16.0419076904954","19.787355629107","23.8499130101451","27.0417671999888","29.4458928895872","31.4438457192156","43.7438137105538","59.6436972466596","70.6809492780993","80.5058599668519","92.302035036369","100","","","","","","","","","","","","","","","","","","","",
"Marshall Islands","MHL","Wholesale price index (2010 = 100)","FP.WPI.TOTL","","","","","","","","","","","","","","","","","","","","","","","","","","","","","","","","","","","","","","","","","","","","","","","","","","","","","","","","","","","","",
"Middle income","MIC","Wholesale price index (2010 = 100)","FP.WPI.TOTL","","","","","","","","","","","","","","","","","","","","","","","","","","","","","","","","","","","","","","","","","","","","","","","","","","","","","","","","","","","","",
"North Macedonia","MKD","Wholesale price index (2010 = 100)","FP.WPI.TOTL","","","","","","","","","","","","","","","","","","","","","","","","","","","","","","","","","","","","","","","","","","","","","","","","","","","","","","","","","","","","",
"Mali","MLI","Wholesale price index (2010 = 100)","FP.WPI.TOTL","","","","","","","","","","","","","","","","","","","","","","","","","","","","","","","","","","","","","","","","","","","","","","","","","","","","","","","","","","","","",
"Malta","MLT","Wholesale price index (2010 = 100)","FP.WPI.TOTL","","","","","","","","","","","","","","","","","","","","","","","","","","","","","","","","","","","","","","","","","","","","","","","","","","","","","","","","","","","","",
"Myanmar","MMR","Wholesale price index (2010 = 100)","FP.WPI.TOTL","","","","","","","","","","","","","","","","","","","","","","","","","","","","","","","","","","","","","","","","","","","","","","","","","","","","","","","","","","","","",
"Middle East & North Africa (excluding high income)","MNA","Wholesale price index (2010 = 100)","FP.WPI.TOTL","","","","","","","","","","","","","","","","","","","","","","","","","","","","","","","","","","","","","","","","","","","","","","","","","","","","","","","","","","","","",
"Montenegro","MNE","Wholesale price index (2010 = 100)","FP.WPI.TOTL","","","","","","","","","","","","","","","","","","","","","","","","","","","","","","","","","","","","","","","","","","","","","","","","","","","","","","","","","","","","",
"Mongolia","MNG","Wholesale price index (2010 = 100)","FP.WPI.TOTL","","","","","","","","","","","","","","","","","","","","","","","","","","","","","","","","","","","","","","","","","","","","","","","","","","","","","","","","","","","","",
"Northern Mariana Islands","MNP","Wholesale price index (2010 = 100)","FP.WPI.TOTL","","","","","","","","","","","","","","","","","","","","","","","","","","","","","","","","","","","","","","","","","","","","","","","","","","","","","","","","","","","","",
"Mozambique","MOZ","Wholesale price index (2010 = 100)","FP.WPI.TOTL","","","","","","","","","","","","","","","","","","","","","","","","","","","","","","","","","","","","","","","","","","","","","","","","","","","","","","","","","","","","",
"Mauritania","MRT","Wholesale price index (2010 = 100)","FP.WPI.TOTL","","","","","","","","","","","","","","","","","","","","","","","","","","","","","","","","","","","","","","","","","","","","","","","","","","","","","","","","","","","","",
"Mauritius","MUS","Wholesale price index (2010 = 100)","FP.WPI.TOTL","","","","","","","","","","","","","","","","","","","","","","","","","","","","","","","","","","","","","","","","","","","","","","","","","","","","","","","","","","","","",
"Malawi","MWI","Wholesale price index (2010 = 100)","FP.WPI.TOTL","","","","","","","","","","","","","","","","","","","","","","","","","","","","","","","","","","","","","","","","","","","","","","","","","","","","","","","","","","","","",
"Malaysia","MYS","Wholesale price index (2010 = 100)","FP.WPI.TOTL","","","","","","","","","","","","","","","","","","","","","","","","","","","","","","","","","","","","","","","","","","","","","","","","","","","","","","","","","","","","",
"North America","NAC","Wholesale price index (2010 = 100)","FP.WPI.TOTL","","","","","","","","","","","","","","","","","","","","","","","","","","","","","","","","","","","","","","","","","","","","","","","","","","","","","","","","","","","","",
"Namibia","NAM","Wholesale price index (2010 = 100)","FP.WPI.TOTL","","","","","","","","","","","","","","","","","","","","","","","","","","","","","","","","","","","","","","","","","","","","","","","","","","","","","","","","","","","","",
"New Caledonia","NCL","Wholesale price index (2010 = 100)","FP.WPI.TOTL","","","","","","","","","","","","","","","","","","","","","","","","","","","","","","","","","","","","","","","","","","","","","","","","","","","","","","","","","","","","",
"Niger","NER","Wholesale price index (2010 = 100)","FP.WPI.TOTL","","","","","","","","","","","","","","","","","","","","","","","","","","","","","","","","","","","","","","","","","","","","","","","","","","","","","","","","","","","","",
"Nigeria","NGA","Wholesale price index (2010 = 100)","FP.WPI.TOTL","","","","","","","","","","","","","","","","","","","","","","","","","","","","","","","","","","","","","","","","","","","","","","","","","","","","","","","","","","","","",
"Nicaragua","NIC","Wholesale price index (2010 = 100)","FP.WPI.TOTL","","","","","","","","","","","","","","","","","","","","","","","","","","","","","","","","","","","","","","","","","","","","","","","","","","","","","","","","","","","","",
"Netherlands","NLD","Wholesale price index (2010 = 100)","FP.WPI.TOTL","","","","","","","","","","","","","","","","","","","","","","","","","","","","","","","","","","","","","","","","","","","","","","","","","","","","","","","","","","","","",
"Norway","NOR","Wholesale price index (2010 = 100)","FP.WPI.TOTL","","","","","","","","","","","","","","","","","","","","","","","","","","","","","","","","","","","","","","","","","","","","","","","","","","","","","","","","","","","","",
"Nepal","NPL","Wholesale price index (2010 = 100)","FP.WPI.TOTL","","","","","","","","","","","","","","","","","","","","","","","","","","","","","","","","","","","","","","","","","","","","","","","","","","","","","","","","","","","","",
"Nauru","NRU","Wholesale price index (2010 = 100)","FP.WPI.TOTL","","","","","","","","","","","","","","","","","","","","","","","","","","","","","","","","","","","","","","","","","","","","","","","","","","","","","","","","","","","","",
"New Zealand","NZL","Wholesale price index (2010 = 100)","FP.WPI.TOTL","","","","","","","","","","","","","","","","","","","","","","","","","","","","","","","","","","","","","","","","","","","","","","","","","","","","","","","","","","","","",
"OECD members","OED","Wholesale price index (2010 = 100)","FP.WPI.TOTL","","","","","","","","","","","","","","","","","","","","","","","","","","","","","","","","","","","","","","","","","","","","","","","","","","","","","","","","","","","","",
"Oman","OMN","Wholesale price index (2010 = 100)","FP.WPI.TOTL","","","","","","","","","","","","","","","","","","","","","","","","","","","","","","","","","","","","","","","","","","","","","","","","","","","","","","","","","","","","",
"Other small states","OSS","Wholesale price index (2010 = 100)","FP.WPI.TOTL","","","","","","","","","","","","","","","","","","","","","","","","","","","","","","","","","","","","","","","","","","","","","","","","","","","","","","","","","","","","",
"Pakistan","PAK","Wholesale price index (2010 = 100)","FP.WPI.TOTL","1.56893513954221","1.61584630021452","1.64199521919774","1.65797220870077","1.6836504471552","1.79763358504032","1.97000725904195","2.08021187813529","2.07686481650296","2.17430876312672","2.19346284628733","2.31336871432423","2.55274899324511","3.24778726005969","3.97355050669031","4.87843384841997","5.26758580007682","5.75663110052516","6.10663637130616","6.7004641561079","7.59750133475297","8.42485736093413","8.78085053535634","9.42789764444937","10.3108265811472","10.6108948441031","11.1335558176617","12.0524318159957","13.2273226542565","14.3442064966003","15.5783003513123","17.4488764670637","18.71293728072","20.6303559001837","24.6991220659004","27.8536515783614","30.9418163217156","34.4090312919392","36.3950176603971","37.785924086781","39.290283977364","41.0813066257903","42.3069895606219","45.080518881288","48.8889573111062","53.1535549588654","57.6697682702699","62.414569163048","78.2162360289333","83.8994312742835","100","118.833830733712","127.272368939693","137.183963060983","143.727687369784","140.108114195619","142.453403907878","147.398502167915","159.601891998423","180.012388084915",
"Panama","PAN","Wholesale price index (2010 = 100)","FP.WPI.TOTL","","","","","","","20.8896483696856","21.1104903995942","21.4919448147539","21.8181887225494","22.4957722231509","23.7053842504302","25.7230773413588","28.428392207124","37.0161356863897","42.2159616620959","45.5085155618529","48.7809929133907","51.4110207235725","58.6285397902074","67.617814232852","74.3936492398705","80.5471112536016","77.4592529918404","78.2804918912449","77.9766334984652","65.5184393944977","66.471076517807","61.9460501820878","63.4571297569922","65.963625248357","66.2692954302308","67.4919761577258","67.3238575576952","68.6993733761272","70.7473635946813","72.2451474858628","70.6250955219318","67.8587803759743","69.6775179581232","75.7756380865047","73.3455601406083","71.1447348311172","72.3368485404249","75.515818431912","79.7799174690509","84.6095063426563","89.1181415252942","103.178969891487","96.2708237811402","100","111.860003056702","117.132813694024","117.300932294055","115.390493657344","108.803301237964","107.91685771053","","","",
"Peru","PER","Wholesale price index (2010 = 100)","FP.WPI.TOTL","","","","","","","","","","","","","","","","","","","","","4.37306706616796E-06","7.35452701261314E-06","1.15137996888796E-05","2.45280472777954E-05","5.39889142062283E-05","0.000147879635909536","0.000237055219522833","0.000359077395766458","0.00261355867313187","0.0682222951497772","4.66460487446633","18.9517298288043","29.7907875273137","43.9571372281462","51.822321858966","57.2743897751134","62.6805502049929","67.3078382366074","72.2003867985289","75.7483630065059","79.030034883032","80.124357364295","79.2861253453007","80.6348108658154","84.8389266334141","86.7792545372477","89.5516783364413","91.7805695428206","99.9554711156567","98.2012059580319","100","106.337861681256","108.220801523608","108.632864151065","110.624198145534","112.584495849697","114.486877640471","115.65401624688","117.566599213863","118.948961917975",
"Philippines","PHL","Wholesale price index (2010 = 100)","FP.WPI.TOTL","0.862759943929687","0.906382637723885","0.954852297495216","1.04694465106074","1.09056734485494","1.11964914071774","1.19720059635187","1.22628239221467","1.2456702561232","1.54133518072832","1.54133518072832","1.78368347958497","1.9630212207389","2.42832995454367","3.58675482307848","3.7806334621638","4.3041057876457","4.625217283655","4.84736989094431","5.76748559892058","6.8233163542687","7.81977177640905","8.6526420968252","10.0352391417903","16.7927175415686","19.8410552273498","19.9016423020923","21.5221445937966","24.2663351645168","26.7294017085632","28.9961200932846","33.960893962193","35.2238179020698","35.1863221845566","38.2183622507386","40.3198267822745","43.9194156635427","44.1273464606614","49.2710771631555","51.9444786661739","54.9546219867767","59.2254938195557","62.1986776723749","65.2704201059505","70.7445279454643","78.7483060243933","85.3640507576691","88.0826249435341","98.5134080735904","94.4355467947928","100","108.652622068909","109.87228450577","111.62991252926","114.677015317646","110.237772576075","111.498501088251","116.385364050758","124.56161964601","",
"Palau","PLW","Wholesale price index (2010 = 100)","FP.WPI.TOTL","","","","","","","","","","","","","","","","","","","","","","","","","","","","","","","","","","","","","","","","","","","","","","","","","","","","","","","","","","","","",
"Papua New Guinea","PNG","Wholesale price index (2010 = 100)","FP.WPI.TOTL","","","","","","","","","","","","","","","","","","","","","","","","","","","","","","","","","","","","","","","","","","","","","","","","","","","","","","","","","","","","",
"Poland","POL","Wholesale price index (2010 = 100)","FP.WPI.TOTL","","","","","","","","","","","","","","","","","","","","","","","","","","","","","","","","","","","","","","","","","","","","","","","","","","","","","","","","","","","","",
"Pre-demographic dividend","PRE","Wholesale price index (2010 = 100)","FP.WPI.TOTL","","","","","","","","","","","","","","","","","","","","","","","","","","","","","","","","","","","","","","","","","","","","","","","","","","","","","","","","","","","","",
"Puerto Rico","PRI","Wholesale price index (2010 = 100)","FP.WPI.TOTL","","","","","","","","","","","","","","","","","","","","","","","","","","","","","","","","","","","","","","","","","","","","","","","","","","","","","","","","","","","","",
"Korea, Dem. People’s Rep.","PRK","Wholesale price index (2010 = 100)","FP.WPI.TOTL","","","","","","","","","","","","","","","","","","","","","","","","","","","","","","","","","","","","","","","","","","","","","","","","","","","","","","","","","","","","",
"Portugal","PRT","Wholesale price index (2010 = 100)","FP.WPI.TOTL","","","","","","","","","","","","","","","","","","","","","","","","","","","","","","","","","","","","","","","","","","","","","","","","","","","","","","","","","","","","",
"Paraguay","PRY","Wholesale price index (2010 = 100)","FP.WPI.TOTL","","","","","","","","","","","","","1.44455265213848","1.93329296610116","2.56095109345654","2.99527992420312","3.02922691152356","3.27239327463594","3.69035050865468","4.66145102905116","5.00549531903788","5.63700558679535","5.83153867728333","7.11454219115645","9.12451682723029","11.2631770287129","16.3469189497561","18.2867124028087","23.2368332035242","28.3292424404754","43.9364300529549","57.8835859093519","","","","100","","","","","","","","","","","","","","","","","","","","","","","","",
"West Bank and Gaza","PSE","Wholesale price index (2010 = 100)","FP.WPI.TOTL","","","","","","","","","","","","","","","","","","","","","","","","","","","","","","","","","","","","","","","","","","","","","","82.1939105473103","85.0657920754151","87.6895000626363","97.0798677247081","96.4301748045524","100","103.760240932546","104.723811535585","105.541545563223","107.108165133779","108.406608432162","110.163751872949","108.87453395046","110.020270955003","",
"Pacific island small states","PSS","Wholesale price index (2010 = 100)","FP.WPI.TOTL","","","","","","","","","","","","","","","","","","","","","","","","","","","","","","","","","","","","","","","","","","","","","","","","","","","","","","","","","","","","",
"Post-demographic dividend","PST","Wholesale price index (2010 = 100)","FP.WPI.TOTL","","","","","","","","","","","","","","","","","","","","","","","","","","","","","","","","","","","","","","","","","","","","","","","","","","","","","","","","","","","","",
"French Polynesia","PYF","Wholesale price index (2010 = 100)","FP.WPI.TOTL","","","","","","","","","","","","","","","","","","","","","","","","","","","","","","","","","","","","","","","","","","","","","","","","","","","","","","","","","","","","",
"Qatar","QAT","Wholesale price index (2010 = 100)","FP.WPI.TOTL","","","","","","","","","","","","","","","","","","","","","","","","","","","","","","","","","","","","","","","","","","","","","","","","","","","","","","","","","","","","",
"Romania","ROU","Wholesale price index (2010 = 100)","FP.WPI.TOTL","","","","","","","","","","","","","","","","","","","","","","","","","","","","","","","","","","","","","","","","","","","","","","","","","","","","","","","","","","","","",
"Russian Federation","RUS","Wholesale price index (2010 = 100)","FP.WPI.TOTL","","","","","","","","","","","","","","","","","","","","","","","","","","","","","","","","","","","","","","","","","","","","","","","","","","","","","","","","","","","","",
"Rwanda","RWA","Wholesale price index (2010 = 100)","FP.WPI.TOTL","","","","","","","","","","","","","","","","","","","","","","","","","","","","","","","","","","","","","","","","","","","","","","","","","","","","","","","","","","","","",
"South Asia","SAS","Wholesale price index (2010 = 100)","FP.WPI.TOTL","","","","","","","","","","","","","","","","","","","","","","","","","","","","","","","","","","","","","","","","","","","","","","","","","","","","","","","","","","","","",
"Saudi Arabia","SAU","Wholesale price index (2010 = 100)","FP.WPI.TOTL","","","","","","","","","","","","","","","","","","","","","","","","","","","56.181693989071","60.228825136612","68.323087431694","69.108606557377","70.5088797814207","72.4043715846994","73.3265027322404","73.7875683060109","75.1024590163934","80.5327868852459","80.3620218579235","80.3107923497268","78.8251366120219","79.1666666666667","79.4569672131148","79.3715846994536","79.3545081967213","80.0375683060109","82.4795081967213","84.8872950819672","85.8265027322404","90.693306010929","98.8387978142076","95.8333333333333","100","104.252049180328","106.847677595628","108.145491803279","108.69193989071","108.355882250871","111.207830870047","109.76369128263","127.338597582331","",
"Sudan","SDN","Wholesale price index (2010 = 100)","FP.WPI.TOTL","","","","","","","","","","","","","","","","","","","","","","","","","","","","","","","","","","","","","","","","","","","","","","","","","","","","","","","","","","","","",
"Senegal","SEN","Wholesale price index (2010 = 100)","FP.WPI.TOTL","","","","","","","","","","","","","","","","","","","","","","","","","","","","","","","","","","","","","","","","","","","","","","","","","","","","","","","","","","","","",
"Singapore","SGP","Wholesale price index (2010 = 100)","FP.WPI.TOTL","","","","","","","","","","","","","","","68.5854853297964","67.561578795252","72.112274504338","75.3383927123865","76.5410765783593","87.5521349458799","104.698506278329","108.745374962481","104.178426768719","100.383471597035","99.749624694698","97.5230342941809","82.7901569360149","89.0392372936705","87.3977363414645","89.6324529843192","91.1825564438649","87.4440716296664","83.6144042590241","79.9739406930028","79.6403645073456","79.6555616000863","79.7467441565301","78.8273200457212","76.4337779390697","78.0386681057674","85.9146489238346","84.5501387821048","83.3128886535933","84.9829386800003","89.3221516307083","97.9422351731231","102.836818649297","103.128213918409","110.901611244429","95.4833733287624","100","108.416181007885","108.930407953377","106.016519540624","102.494436350131","86.7812250028568","80.7718974974289","86.4544337789967","104.845517655125","105.392802179751",
"Solomon Islands","SLB","Wholesale price index (2010 = 100)","FP.WPI.TOTL","","","","","","","","","","","","","","","","","","","","","","","","","","","","","","","","","","","","","","","","","","","","","","","","","","","","","","","","","","","","",
"Sierra Leone","SLE","Wholesale price index (2010 = 100)","FP.WPI.TOTL","","","","","","","","","","","4.04652144074807","4.2731266413895","4.74656964995702","5.98885173230714","7.55080900839543","8.81737021934958","10.8012785187032","12.7587347073988","14.9278077812707","18.0844263198419","22.1293949079685","26.989970241385","32.317866196449","46.2625371983063","67.0274440649627","100","","","","","","","","","","","","","","","","","","","","","","","","","","","","","","","","","","",
"El Salvador","SLV","Wholesale price index (2010 = 100)","FP.WPI.TOTL","5.75167508638488","5.60044836385121","5.57346366986188","5.6611639253033","6.04288490895903","5.93663267639258","5.93831921974969","6.01927330171767","5.9405679442652","5.92257814827606","6.43978478296374","6.08898376116995","6.44596877534062","7.80700927812687","9.78476247467133","9.95678989883431","13.4147659966099","19.7578556261545","15.8360801005396","17.0375753931076","19.7289780119552","21.6960278271816","23.5461179237022","25.1463395301888","26.6229559793382","30.3018707690111","40.1474867295702","40.4409492966178","42.663449770326","46.8023618174345","55.6392002037467","59.4940862065833","60.799383249538","65.3830080454222","70.5213940527199","77.8917170564884","81.6346938738889","82.4672344173232","77.5389771774535","76.4092526213884","78.9016908096105","77.6527470856878","74.4126970588932","76.1833077101754","80.4961415968463","85.7558457988979","91.5253061588476","95.8205786700121","106.173662017755","95.3255298275257","100","114.437923523726","112.093662810658","108.554247046506","110.843663684366","111.345097028019","108.445562001651","","","",
"San Marino","SMR","Wholesale price index (2010 = 100)","FP.WPI.TOTL","","","","","","","","","","","","","","","","","","","","","","","","","","","","","","","","","","","","","","","","","","","","","","","","","","","","","","","","","","","","",
"Somalia","SOM","Wholesale price index (2010 = 100)","FP.WPI.TOTL","","","","","","","","","","","","","","","","","","","","","","","","","","","","","","","","","","","","","","","","","","","","","","","","","","","","","","","","","","","","",
"Serbia","SRB","Wholesale price index (2010 = 100)","FP.WPI.TOTL","","","","","","","","","","","","","","","","","","","","","","","","","","","","","","","","","","","","","","","","","","","","","","","","","","","","","","","","","","","","",
"Sub-Saharan Africa (excluding high income)","SSA","Wholesale price index (2010 = 100)","FP.WPI.TOTL","","","","","","","","","","","","","","","","","","","","","","","","","","","","","","","","","","","","","","","","","","","","","","","","","","","","","","","","","","","","",
"South Sudan","SSD","Wholesale price index (2010 = 100)","FP.WPI.TOTL","","","","","","","","","","","","","","","","","","","","","","","","","","","","","","","","","","","","","","","","","","","","","","","","","","","","","","","","","","","","",
"Sub-Saharan Africa","SSF","Wholesale price index (2010 = 100)","FP.WPI.TOTL","","","","","","","","","","","","","","","","","","","","","","","","","","","","","","","","","","","","","","","","","","","","","","","","","","","","","","","","","","","","",
"Small states","SST","Wholesale price index (2010 = 100)","FP.WPI.TOTL","","","","","","","","","","","","","","","","","","","","","","","","","","","","","","","","","","","","","","","","","","","","","","","","","","","","","","","","","","","","",
"Sao Tome and Principe","STP","Wholesale price index (2010 = 100)","FP.WPI.TOTL","","","","","","","","","","","","","","","","","","","","","","","","","","","","","","","","","","","","","","","","","","","","","","","","","","","","","","","","","","","","",
"Suriname","SUR","Wholesale price index (2010 = 100)","FP.WPI.TOTL","","","","","","","","","","","","","","","","","","","","","","","","","","","","","","","","","","","","","","","","","","","","","","","","","","","","","","","","","","","","",
"Slovak Republic","SVK","Wholesale price index (2010 = 100)","FP.WPI.TOTL","","","","","","","","","","","","","","","","","","","","","78.8643533123028","82.2555205047319","88.4069400630915","89.1955835962145","96.5299684542587","98.2649842271293","98.2649842271293","98.3438485804416","98.1072555205047","95.4258675078864","100","168.927444794953","177.839116719243","","","","","","","","","","","","","","","","","","","","","","","","","","","",
"Slovenia","SVN","Wholesale price index (2010 = 100)","FP.WPI.TOTL","","","","","","","","","","","","","","","","","","","","","","","","","","","","","","","","","","","","","","","","","","","","","","","","","","","","","","","","","","","","",
"Sweden","SWE","Wholesale price index (2010 = 100)","FP.WPI.TOTL","","","79.7975352112676","80.6338028169014","84.9911971830986","88.2042253521127","90.625","88.6443661971831","87.7640845070422","93.3098591549296","100","100.484154929577","102.860915492958","118.485915492958","158.93485915493","","","","","","","","","","","","","","","","","","","","","","","","","","","","","","","","","","","","","","","","","","","","","",
"Eswatini","SWZ","Wholesale price index (2010 = 100)","FP.WPI.TOTL","","","","","","","","","","","","","","","","","","","","","","","","","","","","","","","","","","","","","","","","","","","","","","","","","","","","","","","","","","","","",
"Sint Maarten (Dutch part)","SXM","Wholesale price index (2010 = 100)","FP.WPI.TOTL","","","","","","","","","","","","","","","","","","","","","","","","","","","","","","","","","","","","","","","","","","","","","","","","","","","","","","","","","","","","",
"Seychelles","SYC","Wholesale price index (2010 = 100)","FP.WPI.TOTL","","","","","","","","","","","","","","","","","","","","","","","","","","","","","","","","","","","","","","","","","","","","","","","","","","","","","","","","","","","","",
"Syrian Arab Republic","SYR","Wholesale price index (2010 = 100)","FP.WPI.TOTL","2.65363900126702","2.6276441702342","2.43300386132796","2.40867382271468","2.45733389994124","2.45327889350569","2.67833175067853","2.92163213681133","2.81620196948712","2.75334936973614","3.02300729769999","3.29469272888161","3.14465749076639","4.17057411895968","4.74435752958952","5.1032255991354","5.71350406768516","6.22848988499958","7.03138115923781","7.6396321245698","8.78314393939394","10.4519412878788","11.59375","11.9450757575758","12.999053030303","14.3165246212121","20.1133996212121","29.5113636363636","43.3636363636363","49.3863636363636","60.2272727272727","68.6590909090909","70.4659090909091","76.4886363636363","87.3295454545454","93.3522727272727","96.3636363636364","98.7727272727273","98.1704545454545","96.3636363636363","90.9090909090909","87.2727272727273","91.8181818181818","96.3636363636364","97.2727272727273","100","104","108","115","145","","","","","","","","","","",
"Turks and Caicos Islands","TCA","Wholesale price index (2010 = 100)","FP.WPI.TOTL","","","","","","","","","","","","","","","","","","","","","","","","","","","","","","","","","","","","","","","","","","","","","","","","","","","","","","","","","","","","",
"Chad","TCD","Wholesale price index (2010 = 100)","FP.WPI.TOTL","","","","","","","","","","","","","","","","","","","","","","","","","","","","","","","","","","","","","","","","","","","","","","","","","","","","","","","","","","","","",
"East Asia & Pacific (IDA & IBRD countries)","TEA","Wholesale price index (2010 = 100)","FP.WPI.TOTL","","","","","","","","","","","","","","","","","","","","","","","","","","","","","","","","","","","","","","","","","","","","","","","","","","","","","","","","","","","","",
"Europe & Central Asia (IDA & IBRD countries)","TEC","Wholesale price index (2010 = 100)","FP.WPI.TOTL","","","","","","","","","","","","","","","","","","","","","","","","","","","","","","","","","","","","","","","","","","","","","","","","","","","","","","","","","","","","",
"Togo","TGO","Wholesale price index (2010 = 100)","FP.WPI.TOTL","","","","","","","","","","","","","","","","","","","","","","","","","","","","","","","","","","","","","","","","","","","","","","","","","","","","","","","","","","","","",
"Thailand","THA","Wholesale price index (2010 = 100)","FP.WPI.TOTL","19.351830136064","20.9335601994675","22.2529179775036","20.8473521628719","19.5917133683593","20.2101623268137","23.0775165887386","24.8354109009889","23.6922173716497","24.4793342279394","23.9695823591152","23.0737684132328","24.816670023385","34.4232438450098","43.4338577609151","42.3056569335616","44.9781060691857","45.832690084467","48.6850516444063","57.6694283316961","66.7587539331479","62.3134177834377","56.3838041332121","60.405596451031","58.5384877882318","58.5238629161995","59.7816019109833","63.1160727343636","69.6387656608005","70.7795056793253","70.3505094330424","71.2231267976405","72.7002388729099","71.2133768829522","79.3155559888851","92.1854433773704","93.116560230098","92.5169404767708","111.032028469751","98.1718909959538","100","","","","","","","","","","","","","","","","","","","",
"Tajikistan","TJK","Wholesale price index (2010 = 100)","FP.WPI.TOTL","","","","","","","","","","","","","","","","","","","","","","","","","","","","","","","","","","","","","","","","","","","","","","","","","","","","","","","","","","","","",
"Turkmenistan","TKM","Wholesale price index (2010 = 100)","FP.WPI.TOTL","","","","","","","","","","","","","","","","","","","","","","","","","","","","","","","","","","","","","","","","","","","","","","","","","","","","","","","","","","","","",
"Latin America & the Caribbean (IDA & IBRD countries)","TLA","Wholesale price index (2010 = 100)","FP.WPI.TOTL","","","","","","","","","","","","","","","","","","","","","","","","","","","","","","","","","","","","","","","","","","","","","","","","","","","","","","","","","","","","",
"Timor-Leste","TLS","Wholesale price index (2010 = 100)","FP.WPI.TOTL","","","","","","","","","","","","","","","","","","","","","","","","","","","","","","","","","","","","","","","","","","","","","","","","","","","","","","","","","","","","",
"Middle East & North Africa (IDA & IBRD countries)","TMN","Wholesale price index (2010 = 100)","FP.WPI.TOTL","","","","","","","","","","","","","","","","","","","","","","","","","","","","","","","","","","","","","","","","","","","","","","","","","","","","","","","","","","","","",
"Tonga","TON","Wholesale price index (2010 = 100)","FP.WPI.TOTL","","","","","","","","","","","","","","","","","","","","","","","","","","","","","","","","","","","","","","","","","","","","","","","","","","","","","","","","","","","","",
"South Asia (IDA & IBRD)","TSA","Wholesale price index (2010 = 100)","FP.WPI.TOTL","","","","","","","","","","","","","","","","","","","","","","","","","","","","","","","","","","","","","","","","","","","","","","","","","","","","","","","","","","","","",
"Sub-Saharan Africa (IDA & IBRD countries)","TSS","Wholesale price index (2010 = 100)","FP.WPI.TOTL","","","","","","","","","","","","","","","","","","","","","","","","","","","","","","","","","","","","","","","","","","","","","","","","","","","","","","","","","","","","",
"Trinidad and Tobago","TTO","Wholesale price index (2010 = 100)","FP.WPI.TOTL","","","","","","","","","","","","","","","","","","","","","","","","","","","","","","","","","","","","","","","","","","","","","","","","","","","","","","","","","","","","",
"Tunisia","TUN","Wholesale price index (2010 = 100)","FP.WPI.TOTL","","","21.6166470890688","22.6964014856725","23.7995116347064","26.8770811546127","27.8184976335262","28.8461507365374","29.8486514908026","30.1594626565266","31.3577924113097","33.6756559003345","34.1669279813944","35.9987456881206","43.6265286921971","47.7553046930333","48.3380370020383","50.6872582834483","52.2603742028065","56.0572802340075","62.1250130656162","69.8991324342532","81.715793874595","87.096268422494","93.3051113199279","100","105.667920978363","108.484895996655","","","","","","","","","","","","","","","","","","","","","","","","","","","","","","","","",
"Turkey","TUR","Wholesale price index (2010 = 100)","FP.WPI.TOTL","","","","","","","","","","","","","","","","","","","","","","0.00348576118084302","0.00442691669967064","0.00577590627665689","0.00868303110147997","0.0124371958932479","0.0161132215385453","0.0212773767279642","0.0362708348622696","0.0594755872988419","0.0905831120751256","0.140717930990391","0.228102191609546","0.360323154691492","0.797252667308455","1.48308927436055","2.60927510465602","4.74375967084095","8.1512441460062","12.4764727415991","18.8936923362094","30.5373682290826","45.8388393595669","57.5565268750552","63.9407933594168","69.2075441362399","75.9662204044861","80.758439749955","91.0285954600447","92.1524891889216","100","111.085286768463","117.852918841672","123.134312492484","","","","","","",
"Tuvalu","TUV","Wholesale price index (2010 = 100)","FP.WPI.TOTL","","","","","","","","","","","","","","","","","","","","","","","","","","","","","","","","","","","","","","","","","","","","","","","","","","","","","","","","","","","","",
"Tanzania","TZA","Wholesale price index (2010 = 100)","FP.WPI.TOTL","","","","","","","","","","","","","","","","","","","","","","","","","","","","","","","","","","","","","","","","","","","","","","","","","","","","","","","","","","","","",
"Uganda","UGA","Wholesale price index (2010 = 100)","FP.WPI.TOTL","","","","","","","","","","","","","","","","","","","","","","","","","","","","","","","","","","","","","","","","","","","","","","","","","","","","","","","","","","","","",
"Ukraine","UKR","Wholesale price index (2010 = 100)","FP.WPI.TOTL","","","","","","","","","","","","","","","","","","","","","","","","","","","","","","","","","","","","","","","","","","","","","","","","","","","","","","","","","","","","",
"Upper middle income","UMC","Wholesale price index (2010 = 100)","FP.WPI.TOTL","","","","","","","","","","","","","","","","","","","","","","","","","","","","","","","","","","","","","","","","","","","","","","","","","","","","","","","","","","","","",
"Uruguay","URY","Wholesale price index (2010 = 100)","FP.WPI.TOTL","","5.2804123728295E-06","5.70284536265586E-06","6.81173196095005E-06","1.01911958795609E-05","1.62636701083148E-05","3.12248384979984E-05","5.27337182299906E-05","0.000122210744025495","0.000141051567062758","0.000160401601533462","0.000192889290986906","0.00036683591664986","0.000788157456677753","0.00140796961346039","0.00242700353405964","0.00365491598465579","0.0054940858399528","0.00816286296260954","0.0147270057087922","0.0208767521904418","0.0257694593275025","0.0290958320953031","0.0504746667591163","0.0895305726502105","0.158086522672472","0.264269327619023","0.431346283675731","0.679106060042063","1.17610263145856","2.44250219877466","4.58256855272885","7.25496158577445","9.67588961637943","12.9849451763043","17.8816653422229","22.3564175648242","26.014212753519","28.4309807167253","28.1807547774623","30.1083412486719","32.0894182590564","42.3338683672765","58.8085828682323","67.4485353218719","65.7143407735463","69.6015037580431","77.8237519889403","91.0065721352486","92.9290277417117","100","115.930080126035","123.380494379299","127.646292626606","141.591657757057","151.267295925659","156.337694910716","","","",
"United States","USA","Wholesale price index (2010 = 100)","FP.WPI.TOTL","","","","","","","","","","","","","","","","","","","","","","","","","","","","","","","","","","","","","","","","","","","","","","","","","","","","","","","","","","","","",
"Uzbekistan","UZB","Wholesale price index (2010 = 100)","FP.WPI.TOTL","","","","","","","","","","","","","","","","","","","","","","","","","","","","","","","","","","","","","","","","","","","","","","","","","","","","","","","","","","","","",
"St. Vincent and the Grenadines","VCT","Wholesale price index (2010 = 100)","FP.WPI.TOTL","","","","","","","","","","","","","","","","","","","","","","","","","","","","","","","","","","","","","","","","","","","","","","","","","","","","","","","","","","","","",
"Venezuela, RB","VEN","Wholesale price index (2010 = 100)","FP.WPI.TOTL","0.0132864315221939","0.0134845529301393","0.0141294722718341","0.0145790029146585","0.0152102587109104","0.0157007799899269","0.0159139312977161","0.0161270826055735","0.0163989871585008","0.0166490300389106","0.0169072710464496","0.0175071006883672","0.0181096630393872","0.0193188868050257","0.0225489489316224","0.0256341774772074","0.0274705579755265","0.0303057436407699","0.0325383669549934","0.0355525450646304","0.0426726185593078","0.0485780028702104","0.0527699785911927","0.0561640032621617","0.0659757951956765","0.078003814188938","0.091230155367965","0.132810747581383","0.158462175482346","0.312929363953278","0.398138825619016","0.486750797408879","0.601476893335492","0.811755404588744","1.44619658340541","2.28125043625704","4.63634606321798","6.01615702206228","7.34994663335702","8.54163207389553","9.83822542194278","11.3672947391523","15.6045028677197","23.6264696658691","30.8351544324168","36.3672404629298","41.2257043495997","49.109269227766","61.0556436450351","78.9422838410196","100","122.108040596403","141.376538101254","194.441334675964","305.718011635706","751.616140427759","4005.10218819635","","","",
"British Virgin Islands","VGB","Wholesale price index (2010 = 100)","FP.WPI.TOTL","","","","","","","","","","","","","","","","","","","","","","","","","","","","","","","","","","","","","","","","","","","","","","","","","","","","","","","","","","","","",
"Virgin Islands (U.S.)","VIR","Wholesale price index (2010 = 100)","FP.WPI.TOTL","","","","","","","","","","","","","","","","","","","","","","","","","","","","","","","","","","","","","","","","","","","","","","","","","","","","","","","","","","","","",
"Vietnam","VNM","Wholesale price index (2010 = 100)","FP.WPI.TOTL","27.1277741865977","30.2951950010774","31.1139840551605","32.1482439129498","33.2471450118509","35.9405300581771","46.7356173238526","62.2064210299504","67.2915319974144","80.3490627020039","100","119.09071320836","158.888170652877","241.370394311571","413.703943115708","","","","","","","","","","","","","","","","","","","","","","","","","","","","","","","","","","","","","","","","","","","","","",
"Vanuatu","VUT","Wholesale price index (2010 = 100)","FP.WPI.TOTL","","","","","","","","","","","","","","","","","","","","","","","","","","","","","","","","","","","","","","","","","","","","","","","","","","","","","","","","","","","","",
"World","WLD","Wholesale price index (2010 = 100)","FP.WPI.TOTL","","","","","","","","","2.42139972963273","2.5188177268708","2.64502458794381","2.76036021685964","2.91890474093241","3.36372147471533","4.08250993877408","4.54554740415874","4.98135623438809","5.55758461574733","6.03406877380219","6.89025398990017","8.25490470216206","9.08243883416628","10.1603961315806","11.4733601852116","13.0779609039135","14.5739135893142","15.5280890192542","17.401673042806","19.8450483593032","22.1363247814399","27.9296438379497","31.8544538620811","36.4478436456304","42.7310122222372","54.0042908055644","62.3164468240714","66.2970344239871","69.4036043915676","71.5938353636417","74.6727981887097","80.3557992311846","83.1016260659782","84.8401843618872","89.1068372362165","94.4610140136811","100","105.087528644997","110.035239075488","120.31089466512","115.490866110232","","","","","","","","","","",
"Samoa","WSM","Wholesale price index (2010 = 100)","FP.WPI.TOTL","","","","","","","","","","","","","","","","","","","","","","","","","","","","","","","","","","","","","","","","","","","","","","","","","","","","","","","","","","","","",
"Kosovo","XKX","Wholesale price index (2010 = 100)","FP.WPI.TOTL","","","","","","","","","","","","","","","","","","","","","","","","","","","","","","","","","","","","","","","","","","","","","","","","","","","","","","","","","","","","",
"Yemen, Rep.","YEM","Wholesale price index (2010 = 100)","FP.WPI.TOTL","","","","","","","","","","","","","","","","","","","","","","","","","","","","","","","","","","","","","","","","","","","","","","","","","","","","","","","","","","","","",
"South Africa","ZAF","Wholesale price index (2010 = 100)","FP.WPI.TOTL","","","","","","","","","","","","","","","","","","","","","","","","","","","","","","","","","","","","","","","","","","","","","","","","","","","","","","","","","","","","",
"Zambia","ZMB","Wholesale price index (2010 = 100)","FP.WPI.TOTL","","","","","","","0.0215474401910396","0.0212996446288426","0.0231581113451582","0.0253667239647936","0.024747235059409","0.0232065930856419","0.0243917022961491","0.0297624017638196","0.0335816855376275","0.031346138617861","0.037390195591286","0.0455997703042337","0.0530821189104645","0.0659836487249033","0.0747965517629846","0.0758685369124888","0.0809106379171921","0.100411071290083","0.128460451558984","0.189100335116079","0.408302444180009","0.75294836317564","0.839967700387154","1.54719778233746","3.33539829635164","6.39430522703191","14.1490511854055","34.0738506191388","58.1304686729847","100","","","","","","","","","","","","","","","","","","","","","","","","",
"Zimbabwe","ZWE","Wholesale price index (2010 = 100)","FP.WPI.TOTL","","","","","","","","","","","","","","","","","","","","","","","","","","","","","","","","","","","","","","","","","","","","","","","","","","","","","","","","","","","","",
